[{"product_name":"test","product_category":"electronics","product_condition":"new","product_price":"12.00","product_description":"Ut ad do aute eiusmod sint tempor esse nulla enim duis quis."},{"product_name":"test","product_category":"electronics","product_condition":"new","product_price":"12.00","product_description":"Ut ad do aute eiusmod sint tempor esse nulla enim duis quis."},{"product_name":"test","product_category":"electronics","product_condition":"new","product_price":"12.00","product_description":"Ut ad do aute eiusmod sint tempor esse nulla enim duis quis."}]